"","positions","ME","DE"
"1",1,0.327077747989276,0.619631901840491
"2",2,0.546742209631728,0.594752186588921
"3",3,0.446153846153846,0.620967741935484
"4",4,0.262162162162162,0.575
"5",5,0.650746268656716,0.745152354570637
"6",6,0.908602150537634,0.596439169139466
"7",7,0.874285714285714,0.593023255813954
"8",8,0.534704370179949,0.644508670520231
"9",9,0.739495798319328,0.697478991596639
"10",10,0.901685393258427,0.687679083094556
"11",11,0.857549857549858,0.559681697612732
"12",12,0.472148541114058,0.581218274111675
"13",13,0.317460317460317,0.619946091644205
"14",14,0.630681818181818,0.636619718309859
"15",15,0.454545454545455,0.553191489361702
"16",16,0.225626740947075,0.477040816326531
